id,image_url,user_id,created_dat
1,http://elijah.biz,1,"2023-11-08 11:54:16"
2,https://shanon.org,1,"2023-11-08 11:54:16"
3,http://vicky.biz,1,"2023-11-08 11:54:16"
4,http://oleta.net,1,"2023-11-08 11:54:16"
5,https://jennings.biz,1,"2023-11-08 11:54:16"
6,https://quinn.biz,2,"2023-11-08 11:54:16"
7,https://selina.name,2,"2023-11-08 11:54:16"
8,http://malvina.org,2,"2023-11-08 11:54:16"
9,https://branson.biz,2,"2023-11-08 11:54:16"
10,https://elenor.name,3,"2023-11-08 11:54:16"
11,https://marcelino.com,3,"2023-11-08 11:54:16"
12,http://felicity.name,3,"2023-11-08 11:54:16"
13,https://fred.com,3,"2023-11-08 11:54:16"
14,https://gerhard.biz,4,"2023-11-08 11:54:16"
15,https://sherwood.net,4,"2023-11-08 11:54:16"
16,https://maudie.org,4,"2023-11-08 11:54:16"
17,http://annamae.name,6,"2023-11-08 11:54:16"
18,https://mac.org,6,"2023-11-08 11:54:16"
19,http://miracle.info,6,"2023-11-08 11:54:16"
20,http://emmet.com,6,"2023-11-08 11:54:16"
21,https://lisa.com,6,"2023-11-08 11:54:16"
22,https://brooklyn.name,8,"2023-11-08 11:54:16"
23,http://madison.net,8,"2023-11-08 11:54:16"
24,http://annie.name,8,"2023-11-08 11:54:16"
25,http://darron.info,8,"2023-11-08 11:54:16"
26,http://saige.com,9,"2023-11-08 11:54:16"
27,https://reece.net,9,"2023-11-08 11:54:16"
28,http://vance.org,9,"2023-11-08 11:54:16"
29,http://ignacio.net,9,"2023-11-08 11:54:16"
30,http://kenny.com,10,"2023-11-08 11:54:16"
31,http://remington.name,10,"2023-11-08 11:54:16"
32,http://kurtis.info,10,"2023-11-08 11:54:16"
33,https://alisha.com,11,"2023-11-08 11:54:16"
34,https://henderson.com,11,"2023-11-08 11:54:16"
35,http://bonnie.info,11,"2023-11-08 11:54:16"
36,http://kennith.net,11,"2023-11-08 11:54:16"
37,http://camille.name,11,"2023-11-08 11:54:16"
38,http://alena.net,12,"2023-11-08 11:54:16"
39,http://ralph.name,12,"2023-11-08 11:54:16"
40,https://tyshawn.com,12,"2023-11-08 11:54:16"
41,https://adella.net,12,"2023-11-08 11:54:16"
42,https://cielo.info,13,"2023-11-08 11:54:16"
43,https://easter.net,13,"2023-11-08 11:54:16"
44,http://golden.org,13,"2023-11-08 11:54:16"
45,http://kendall.biz,13,"2023-11-08 11:54:16"
46,https://glenda.info,13,"2023-11-08 11:54:16"
47,http://dominic.biz,15,"2023-11-08 11:54:16"
48,http://tressie.info,15,"2023-11-08 11:54:16"
49,http://estevan.org,15,"2023-11-08 11:54:16"
50,http://zena.com,15,"2023-11-08 11:54:16"
51,https://abagail.com,16,"2023-11-08 11:54:16"
52,https://hershel.com,16,"2023-11-08 11:54:16"
53,http://collin.com,16,"2023-11-08 11:54:16"
54,https://clair.com,16,"2023-11-08 11:54:16"
55,https://deondre.com,17,"2023-11-08 11:54:16"
56,http://tristin.name,17,"2023-11-08 11:54:16"
57,http://kirk.org,17,"2023-11-08 11:54:16"
58,https://modesta.info,18,"2023-11-08 11:54:16"
59,http://rylan.biz,19,"2023-11-08 11:54:16"
60,https://noemie.com,19,"2023-11-08 11:54:16"
61,https://dejon.name,20,"2023-11-08 11:54:16"
62,https://rigoberto.net,22,"2023-11-08 11:54:16"
63,http://megane.biz,23,"2023-11-08 11:54:16"
64,http://emmalee.org,23,"2023-11-08 11:54:16"
65,http://nathan.net,23,"2023-11-08 11:54:16"
66,http://lionel.net,23,"2023-11-08 11:54:16"
67,http://danyka.net,23,"2023-11-08 11:54:16"
68,https://woodrow.com,23,"2023-11-08 11:54:16"
69,http://harvey.info,23,"2023-11-08 11:54:16"
70,http://aiden.org,23,"2023-11-08 11:54:16"
71,https://tito.name,23,"2023-11-08 11:54:16"
72,https://julian.net,23,"2023-11-08 11:54:16"
73,https://mafalda.org,23,"2023-11-08 11:54:16"
74,http://verner.org,23,"2023-11-08 11:54:16"
75,https://elmore.org,26,"2023-11-08 11:54:16"
76,http://kasandra.com,26,"2023-11-08 11:54:16"
77,https://jarret.info,26,"2023-11-08 11:54:16"
78,http://einar.net,26,"2023-11-08 11:54:16"
79,http://terry.info,26,"2023-11-08 11:54:16"
80,https://holden.com,27,"2023-11-08 11:54:16"
81,https://jacinto.org,28,"2023-11-08 11:54:16"
82,https://geoffrey.info,28,"2023-11-08 11:54:16"
83,http://paxton.com,28,"2023-11-08 11:54:16"
84,https://trinity.biz,28,"2023-11-08 11:54:16"
85,http://fabiola.org,29,"2023-11-08 11:54:16"
86,https://bryce.org,29,"2023-11-08 11:54:16"
87,http://emery.net,29,"2023-11-08 11:54:16"
88,https://marian.biz,29,"2023-11-08 11:54:16"
89,https://kennedi.org,29,"2023-11-08 11:54:16"
90,https://fanny.net,29,"2023-11-08 11:54:16"
91,http://lottie.net,29,"2023-11-08 11:54:16"
92,http://lacy.biz,29,"2023-11-08 11:54:16"
93,https://jensen.name,30,"2023-11-08 11:54:16"
94,http://virginia.org,30,"2023-11-08 11:54:16"
95,https://ariel.net,31,"2023-11-08 11:54:16"
96,http://roger.info,32,"2023-11-08 11:54:16"
97,https://carolanne.com,32,"2023-11-08 11:54:16"
98,https://margarita.info,32,"2023-11-08 11:54:16"
99,https://kayden.biz,32,"2023-11-08 11:54:16"
100,https://brook.com,33,"2023-11-08 11:54:16"
101,https://gust.net,33,"2023-11-08 11:54:16"
102,http://bridie.name,33,"2023-11-08 11:54:16"
103,http://barton.name,33,"2023-11-08 11:54:16"
104,https://karina.biz,33,"2023-11-08 11:54:16"
105,https://mariam.com,35,"2023-11-08 11:54:16"
106,https://trycia.com,35,"2023-11-08 11:54:16"
107,https://everette.biz,37,"2023-11-08 11:54:16"
108,http://boris.biz,38,"2023-11-08 11:54:16"
109,http://arthur.name,38,"2023-11-08 11:54:16"
110,https://cesar.com,39,"2023-11-08 11:54:16"
111,http://charlie.com,40,"2023-11-08 11:54:16"
112,https://lina.biz,42,"2023-11-08 11:54:16"
113,https://darwin.net,42,"2023-11-08 11:54:16"
114,https://aliyah.biz,42,"2023-11-08 11:54:16"
115,http://euna.info,43,"2023-11-08 11:54:16"
116,https://maymie.net,43,"2023-11-08 11:54:16"
117,http://joanie.name,43,"2023-11-08 11:54:16"
118,http://whitney.net,43,"2023-11-08 11:54:16"
119,http://garrison.name,43,"2023-11-08 11:54:16"
120,https://olga.org,44,"2023-11-08 11:54:16"
121,https://donavon.org,44,"2023-11-08 11:54:16"
122,http://moses.biz,44,"2023-11-08 11:54:16"
123,http://shannon.org,44,"2023-11-08 11:54:16"
124,http://kendrick.net,46,"2023-11-08 11:54:16"
125,https://carey.com,46,"2023-11-08 11:54:16"
126,http://lia.biz,46,"2023-11-08 11:54:16"
127,https://celestine.name,46,"2023-11-08 11:54:16"
128,http://laila.info,47,"2023-11-08 11:54:16"
129,http://buddy.com,47,"2023-11-08 11:54:16"
130,http://americo.biz,47,"2023-11-08 11:54:16"
131,http://lurline.info,47,"2023-11-08 11:54:16"
132,http://kailee.org,47,"2023-11-08 11:54:16"
133,https://edyth.com,48,"2023-11-08 11:54:16"
134,https://isaias.biz,50,"2023-11-08 11:54:16"
135,http://rosetta.net,50,"2023-11-08 11:54:16"
136,https://marianna.info,50,"2023-11-08 11:54:16"
137,https://roel.org,51,"2023-11-08 11:54:16"
138,http://julia.info,51,"2023-11-08 11:54:16"
139,https://seamus.org,51,"2023-11-08 11:54:16"
140,https://earline.info,51,"2023-11-08 11:54:16"
141,http://quinten.info,51,"2023-11-08 11:54:16"
142,https://dolores.org,52,"2023-11-08 11:54:16"
143,https://aimee.info,52,"2023-11-08 11:54:16"
144,https://roderick.name,52,"2023-11-08 11:54:16"
145,https://jarret.name,52,"2023-11-08 11:54:16"
146,https://cathrine.com,52,"2023-11-08 11:54:16"
147,https://adela.com,55,"2023-11-08 11:54:16"
148,https://demarco.com,56,"2023-11-08 11:54:16"
149,https://lila.biz,58,"2023-11-08 11:54:16"
150,http://ruben.net,58,"2023-11-08 11:54:16"
151,https://alia.name,58,"2023-11-08 11:54:16"
152,http://rickey.name,58,"2023-11-08 11:54:16"
153,http://janie.com,58,"2023-11-08 11:54:16"
154,http://myron.org,58,"2023-11-08 11:54:16"
155,http://pearl.info,58,"2023-11-08 11:54:16"
156,http://victoria.biz,58,"2023-11-08 11:54:16"
157,https://carmella.com,59,"2023-11-08 11:54:16"
158,http://leo.com,59,"2023-11-08 11:54:16"
159,http://jedediah.net,59,"2023-11-08 11:54:16"
160,http://sedrick.net,59,"2023-11-08 11:54:16"
161,https://clare.org,59,"2023-11-08 11:54:16"
162,https://malcolm.name,59,"2023-11-08 11:54:16"
163,https://lesly.com,59,"2023-11-08 11:54:16"
164,https://roberta.net,59,"2023-11-08 11:54:16"
165,https://estell.info,59,"2023-11-08 11:54:16"
166,http://kaleigh.biz,59,"2023-11-08 11:54:16"
167,http://blanca.org,60,"2023-11-08 11:54:16"
168,http://delpha.com,60,"2023-11-08 11:54:16"
169,http://annabelle.org,61,"2023-11-08 11:54:16"
170,http://ephraim.com,62,"2023-11-08 11:54:16"
171,https://dameon.name,62,"2023-11-08 11:54:16"
172,https://julianne.org,63,"2023-11-08 11:54:16"
173,https://jasmin.biz,63,"2023-11-08 11:54:16"
174,https://delbert.net,63,"2023-11-08 11:54:16"
175,https://norval.com,63,"2023-11-08 11:54:16"
176,https://jessy.name,64,"2023-11-08 11:54:16"
177,https://nolan.name,64,"2023-11-08 11:54:16"
178,http://devon.info,64,"2023-11-08 11:54:16"
179,http://ora.net,64,"2023-11-08 11:54:16"
180,https://vivien.com,64,"2023-11-08 11:54:16"
181,https://hilda.info,65,"2023-11-08 11:54:16"
182,https://dorcas.biz,65,"2023-11-08 11:54:16"
183,http://hettie.net,65,"2023-11-08 11:54:16"
184,http://rico.biz,65,"2023-11-08 11:54:16"
185,http://jody.biz,65,"2023-11-08 11:54:16"
186,http://sheila.com,67,"2023-11-08 11:54:16"
187,http://germaine.name,67,"2023-11-08 11:54:16"
188,https://mariane.org,67,"2023-11-08 11:54:16"
189,http://reva.com,69,"2023-11-08 11:54:16"
190,https://llewellyn.info,70,"2023-11-08 11:54:16"
191,http://ellen.info,72,"2023-11-08 11:54:16"
192,https://anahi.info,72,"2023-11-08 11:54:16"
193,https://javonte.org,72,"2023-11-08 11:54:16"
194,http://florine.org,72,"2023-11-08 11:54:16"
195,http://marcellus.info,72,"2023-11-08 11:54:16"
196,http://stan.biz,73,"2023-11-08 11:54:16"
197,http://jarred.net,77,"2023-11-08 11:54:16"
198,http://jovanny.net,77,"2023-11-08 11:54:16"
199,http://linnie.com,77,"2023-11-08 11:54:16"
200,http://dino.name,77,"2023-11-08 11:54:16"
201,https://jane.net,77,"2023-11-08 11:54:16"
202,http://laney.name,77,"2023-11-08 11:54:16"
203,http://trever.org,78,"2023-11-08 11:54:16"
204,http://emilie.net,78,"2023-11-08 11:54:16"
205,http://ted.info,78,"2023-11-08 11:54:16"
206,http://keshawn.org,78,"2023-11-08 11:54:16"
207,http://ole.info,78,"2023-11-08 11:54:16"
208,https://ford.biz,79,"2023-11-08 11:54:16"
209,https://humberto.org,82,"2023-11-08 11:54:16"
210,http://penelope.info,82,"2023-11-08 11:54:16"
211,https://dimitri.info,84,"2023-11-08 11:54:16"
212,http://cynthia.info,84,"2023-11-08 11:54:16"
213,http://princess.org,85,"2023-11-08 11:54:16"
214,https://ruthie.info,85,"2023-11-08 11:54:16"
215,https://evan.name,86,"2023-11-08 11:54:16"
216,http://deontae.org,86,"2023-11-08 11:54:16"
217,https://timmy.info,86,"2023-11-08 11:54:16"
218,http://susie.info,86,"2023-11-08 11:54:16"
219,http://hollis.com,86,"2023-11-08 11:54:16"
220,https://colt.org,86,"2023-11-08 11:54:16"
221,http://lucio.org,86,"2023-11-08 11:54:16"
222,http://germaine.org,86,"2023-11-08 11:54:16"
223,http://howard.net,86,"2023-11-08 11:54:16"
224,http://helena.name,87,"2023-11-08 11:54:16"
225,https://celestino.name,87,"2023-11-08 11:54:16"
226,http://violet.info,87,"2023-11-08 11:54:16"
227,http://nigel.biz,87,"2023-11-08 11:54:16"
228,https://noble.net,88,"2023-11-08 11:54:16"
229,https://emilia.org,88,"2023-11-08 11:54:16"
230,http://destini.net,88,"2023-11-08 11:54:16"
231,https://mariano.net,88,"2023-11-08 11:54:16"
232,https://brittany.org,88,"2023-11-08 11:54:16"
233,https://madaline.name,88,"2023-11-08 11:54:16"
234,https://devonte.name,88,"2023-11-08 11:54:16"
235,https://blanche.net,88,"2023-11-08 11:54:16"
236,http://cali.net,88,"2023-11-08 11:54:16"
237,http://mekhi.name,88,"2023-11-08 11:54:16"
238,http://adela.com,88,"2023-11-08 11:54:16"
239,https://devan.com,92,"2023-11-08 11:54:16"
240,https://jarrett.name,92,"2023-11-08 11:54:16"
241,https://sid.biz,92,"2023-11-08 11:54:16"
242,https://jadyn.name,93,"2023-11-08 11:54:16"
243,https://erik.com,93,"2023-11-08 11:54:16"
244,http://freeda.biz,94,"2023-11-08 11:54:16"
245,http://ayden.name,95,"2023-11-08 11:54:16"
246,https://kathleen.biz,95,"2023-11-08 11:54:16"
247,https://helmer.org,96,"2023-11-08 11:54:16"
248,https://maggie.info,96,"2023-11-08 11:54:16"
249,https://cecilia.net,96,"2023-11-08 11:54:16"
250,http://ayla.org,97,"2023-11-08 11:54:16"
251,https://elyssa.biz,97,"2023-11-08 11:54:16"
252,http://jennie.com,98,"2023-11-08 11:54:16"
253,http://ryleigh.info,99,"2023-11-08 11:54:16"
254,https://darien.name,99,"2023-11-08 11:54:16"
255,https://xzavier.org,99,"2023-11-08 11:54:16"
256,https://kaela.name,100,"2023-11-08 11:54:16"
257,http://dedrick.info,100,"2023-11-08 11:54:16"
